XCoord;YCoord;NAME;DESCRIPTION;MUNICIPAL;COUNTY;POSITIONSTRING;CATEGORY;HELICOPTERTYPE;SURFACE;ICAOIDENT;ALT;LIGHTS;WINDSOCK;COMSEMERSERVICE;FUEL;EXTERNALPOWER;CONTACTINFO;OBSTACLES;OTHERINFO;OPPRETTETAVBASE;DATAKILDE;CONVERGENCE;DELETED;ID_330;KBLAD
10.47350000;61.11250000;ENLH;Lillehammer sykehus;Lillehammer;Oppland;6106.75N 01028.41E;NULL;NULL;Paved;NULL;NULL;NULL;NULL;NULL;NULL;NULL;NULL;NULL;NULL;Rygge;Registrering landingsplasser 330skv v6;3.965200;0;1;1817-2
11.39883333;61.14916667;Rena;Rena leir;Åmot;Hedmark;6108.95N 01123.93E;NULL;NULL;Paved;NULL;NULL;NULL;NULL;NULL;NULL;NULL;NULL;NULL;NULL;Rygge;Registrering landingsplasser 330skv v6;3.155157;0;2;1917-2
10.68300000;60.79933333;Gjøvik;Idrettsplass;Gjøvik;Oppland;6047.96N 01040.98E;NULL;NULL;Grass;NULL;NULL;NULL;NULL;NULL;NULL;NULL;NULL;NULL;NULL;Rygge;Registrering landingsplasser 330skv v6;3.770085;0;3;1816-1
8.56500000;60.86216667;Hemsedal;Hemsedal helsesenter;Hemsedal;Buskerud;6051.73N 00833.90E;NULL;NULL;Paved;NULL;NULL;NULL;NULL;NULL;NULL;NULL;NULL;NULL;NULL;Rygge;Registrering landingsplasser 330skv v6;5.626282;0;4;1616-4
8.56733333;60.62466667;ENDB;NLA Ål;Ål;Buskerud;6037.48N 00834.04E;NULL;NULL;Paved;NULL;NULL;NULL;NULL;NULL;NULL;NULL;NULL;NULL;NULL;Rygge;Registrering landingsplasser 330skv v6;5.611278;0;5;1616-3
9.10383333;60.56383333;Nesbyen;Idrettsplass;Nes;Buskerud;6033.83N 00906.23E;NULL;NULL;Grass;NULL;NULL;NULL;NULL;NULL;NULL;NULL;NULL;NULL;NULL;Rygge;Registrering landingsplasser 330skv v6;5.139391;0;6;1616-2
8.20283333;60.52416667;Geilo;Geilo røde kors;Hol;Buskerud;6031.45N 00812.17E;NULL;NULL;Paved;NULL;NULL;NULL;NULL;NULL;NULL;NULL;NULL;NULL;NULL;Rygge;Registrering landingsplasser 330skv v6;5.924113;0;7;1516-2
10.15583333;60.21616667;ENEG;Eggemoen flyplass;Ringerike;Buskerud;6012.97N 01009.35E;NULL;NULL;Paved;NULL;NULL;NULL;NULL;NULL;NULL;NULL;NULL;NULL;NULL;Rygge;Registrering landingsplasser 330skv v6;4.206763;0;8;1815-3
10.25616667;60.14866667;ENRX;Ringerike sykehus;Ringerike;Buskerud;6008.92N 01015.37E;NULL;NULL;Paved;NULL;NULL;NULL;NULL;NULL;NULL;NULL;NULL;NULL;NULL;Rygge;Registrering landingsplasser 330skv v6;4.116761;0;9;1815-3
9.65550000;59.66950000;Kongsberg;Kongsberg sykehus;Kongsberg;Buskerud;5940.17N 00939.33E;NULL;NULL;Paved;NULL;NULL;NULL;NULL;NULL;NULL;NULL;NULL;NULL;NULL;Rygge;Registrering landingsplasser 330skv v6;4.616410;0;10;1714-2
10.19716667;59.74800000;ENDH;Drammen sykehus;Drammen;Buskerud;5944.88N 01011.83E;NULL;NULL;Paved;NULL;NULL;NULL;NULL;NULL;NULL;NULL;NULL;NULL;NULL;Rygge;Registrering landingsplasser 330skv v6;4.151252;0;11;1814-3
8.62383333;59.86616667;Rjukan;Parkeringsplass;Tinn;Telemark;5951.97N 00837.43E;NULL;NULL;Paved;NULL;NULL;NULL;NULL;NULL;NULL;NULL;NULL;NULL;NULL;Rygge;Registrering landingsplasser 330skv v6;5.520223;0;12;1614-4
9.25500000;59.56633333;Notodden;Notodden sykehus;Notodden;Telemark;5933.98N 00915.30E;NULL;NULL;Paved;NULL;NULL;NULL;NULL;NULL;NULL;NULL;NULL;NULL;NULL;Rygge;Registrering landingsplasser 330skv v6;4.957712;0;13;1714-3
9.59283333;59.19083333;Skien;Telemark sykehus;Skien;Telemark;5911.45N 00935.57E;NULL;NULL;Paved;NULL;NULL;NULL;NULL;NULL;NULL;NULL;NULL;NULL;NULL;Rygge;Registrering landingsplasser 330skv v6;4.647731;0;14;1713-3
10.71583333;59.94800000;ENRH;Rikshospitalet;Oslo;Oslo;5956.88N 01042.95E;NULL;NULL;Paved;NULL;NULL;NULL;NULL;NULL;NULL;NULL;NULL;NULL;NULL;Rygge;Registrering landingsplasser 330skv v6;3.709993;0;15;1814-1
10.73616667;59.93583333;ENUH;Ullevål sykehus;Oslo;Oslo;5956.15N 01044.17E;NULL;NULL;Paved;NULL;NULL;NULL;NULL;NULL;NULL;NULL;NULL;NULL;NULL;Rygge;Registrering landingsplasser 330skv v6;3.691916;0;16;1914-4
10.75716667;59.94516667;Voldsløkka;Idrettsplass;Oslo;Oslo;5956.71N 01045.43E;NULL;NULL;Paved;NULL;NULL;NULL;NULL;NULL;NULL;NULL;NULL;NULL;NULL;Rygge;Registrering landingsplasser 330skv v6;3.674061;0;17;1914-4
10.98700000;59.93216667;ENLX;AHUS, NLA;Lørenskog;Akershus;5955.93N 01059.22E;NULL;NULL;Paved;NULL;NULL;NULL;NULL;NULL;NULL;NULL;NULL;NULL;NULL;Rygge;Registrering landingsplasser 330skv v6;3.474415;0;18;1914-4
10.73733333;59.90566667;Oslo;Akershus festning;Oslo;Oslo;5954.34N 01044.24E;NULL;NULL;Grass;NULL;NULL;NULL;NULL;NULL;NULL;NULL;NULL;NULL;NULL;Rygge;Registrering landingsplasser 330skv v6;3.689783;0;19;1914-4
10.50950000;59.89916667;Bærum;Bærum sykehus;Bærum;Akershus;5953.95N 01030.57E;NULL;NULL;Paved;NULL;NULL;NULL;NULL;NULL;NULL;NULL;NULL;NULL;NULL;Rygge;Registrering landingsplasser 330skv v6;3.886940;0;20;1814-1
11.02633333;59.31866667;Kalnes;Sykehuset Østfold;Sarpsborg;Østfold;5919.12N 01101.58E;NULL;NULL;Paved;NULL;NULL;NULL;NULL;NULL;NULL;NULL;NULL;NULL;Klar 2016?;Rygge;Registrering landingsplasser 330skv v6;3.418861;0;21;1913-4
10.97050000;59.20700000;Gudeberg;Fredrikstad sykehus;Fredrikstad;Østfold;5912.42N 01058.23E;NULL;NULL;Grass;NULL;NULL;NULL;NULL;NULL;NULL;NULL;NULL;NULL;NULL;Rygge;Registrering landingsplasser 330skv v6;3.462934;0;22;1913-3
11.37583333;59.12216667;Halden;Halden sykehus;Halden;Østfold;5907.33N 01122.55E;NULL;NULL;Paved;NULL;NULL;NULL;NULL;NULL;NULL;NULL;NULL;NULL;NULL;Rygge;Registrering landingsplasser 330skv v6;3.111588;0;23;1913-2
10.25500000;59.53616667;Holmestrand;Grusvei;Holmestrand;Vestfold;5932.17N 01015.30E;NULL;NULL;Gravel;NULL;NULL;NULL;NULL;NULL;NULL;NULL;NULL;NULL;NULL;Rygge;Registrering landingsplasser 330skv v6;4.092365;0;24;1814-3
10.41633333;59.27333333;Tønsberg;Tønsberg sykehus;Tønsberg;Vestfold;5916.40N 01024.98E;NULL;NULL;Paved;NULL;NULL;NULL;NULL;NULL;NULL;NULL;NULL;NULL;NULL;Rygge;Registrering landingsplasser 330skv v6;3.942392;0;25;1813-1
10.06800000;59.05716667;Larvik;Larvik brannstasjon;Larvik;Vestfold;5903.43N 01004.08E;NULL;NULL;Paved;NULL;NULL;NULL;NULL;NULL;NULL;NULL;NULL;NULL;NULL;Rygge;Registrering landingsplasser 330skv v6;4.232858;0;26;1813-3
10.03966667;58.99366667;Stavern;Fredriksvern verft;Larvik;Vestfold;5859.62N 01002.38E;NULL;NULL;Paved;NULL;NULL;NULL;NULL;NULL;NULL;NULL;NULL;NULL;NULL;Rygge;Registrering landingsplasser 330skv v6;4.254386;0;27;1812-4
8.75400000;58.46766667;ENAR;Arendal sykehus;Arendal;Aust-Agder;5828.06N 00845.24E;NULL;NULL;Paved;NULL;NULL;NULL;NULL;NULL;NULL;NULL;NULL;NULL;NULL;Rygge;Registrering landingsplasser 330skv v6;5.329545;0;28;1611-4
21.79500000;70.25166667;BERGSFJORD;Fotballbane, grus;Loppa;Finnmark;7015.10N 02147.70E;NULL;NULL;Gravel;NULL;NULL;NULL;NULL;NULL;NULL;NULL;NULL;NULL;NULL;Banak;Registrering landingsplasser 330skv v6;-6.398783;0;29;1735-1
25.01833333;69.90500000;GP;Inne i GP leir, pad;Porsanger;Finnmark;6954.30N 02501.10E;NULL;NULL;Paved;NULL;NULL;NULL;NULL;NULL;NULL;NULL;NULL;NULL;NULL;Banak;Registrering landingsplasser 330skv v6;-9.419760;0;30;2034-4
25.50333333;69.48666667;Karasjok;Pad;Karasjok;Finnmark;6929.20N 02530.20E;NULL;NULL;Paved;NULL;NULL;NULL;NULL;NULL;NULL;NULL;NULL;NULL;NULL;Banak;Registrering landingsplasser 330skv v6;-9.850831;0;31;2033-1
27.32000000;70.94666667;Kjøllefjord;Pad;Lebesby;Finnmark;7056.80N 02719.20E;NULL;NULL;Paved;NULL;NULL;NULL;NULL;NULL;NULL;NULL;NULL;NULL;NULL;Banak;Registrering landingsplasser 330skv v6;-11.664096;0;32;2236-4
26.99833333;70.57500000;Lebesby;Fotballbane;Lebesby;Finnmark;7034.50N 02659.90E;NULL;NULL;Grass;NULL;NULL;NULL;NULL;NULL;NULL;NULL;NULL;NULL;NULL;Banak;Registrering landingsplasser 330skv v6;-11.333586;0;33;2136-2
24.39000000;69.56666667;Mollesjohka;Åpen plass;Karasjok;Finnmark;6934.00N 02423.40E;NULL;NULL;Other;NULL;NULL;NULL;NULL;NULL;NULL;NULL;NULL;NULL;NULL;Banak;Registrering landingsplasser 330skv v6;-8.808765;0;34;1934-2
18.98500000;69.68333333;UNN;Sykehus, Tromsø;Tromsø;Finnmark;6941.00N 01859.10E;NULL;NULL;Paved;NULL;NULL;NULL;NULL;NULL;NULL;NULL;NULL;NULL;NULL;Banak;Registrering landingsplasser 330skv v6;-3.737813;0;35;1534-3
30.07200000;69.72766667;Kirkenes;Parkeringsplass;Sør Varanger;Finnmark;6943.66N 03004.32E;NULL;NULL;Paved;NULL;NULL;NULL;NULL;NULL;NULL;NULL;NULL;NULL;NULL;Banak;Registrering landingsplasser 330skv v6;-14.177277;0;36;2434-2
28.19166667;70.20083333;Tana Bru;Pad;Tana;Finnmark;7012.05N 02811.50E;NULL;NULL;Paved;NULL;NULL;NULL;NULL;NULL;NULL;NULL;NULL;NULL;NULL;Banak;Registrering landingsplasser 330skv v6;-12.436894;0;37;2235-2
20.95416667;70.01100000;Skjervøy;Pad;Skjervøy;Troms;7000.66N 02057.25E;NULL;NULL;Paved;NULL;NULL;NULL;NULL;NULL;NULL;NULL;NULL;NULL;NULL;Banak;Registrering landingsplasser 330skv v6;-5.597833;0;38;1635-2
23.02800000;69.01016667;Kautokeino;Pad;Kautokeino;Finnmark;6900.61N 02301.68E;NULL;NULL;Paved;NULL;NULL;NULL;NULL;NULL;NULL;NULL;NULL;NULL;NULL;Banak;Registrering landingsplasser 330skv v6;-7.501589;0;39;1833-2
8.65748000;63.86421000;Mausund;fotballbane;Frøya;Sør Trøndelag;6351.85N 00839.45E;NULL;NULL;Grass;NULL;NULL;NULL;NULL;NULL;NULL;NULL;NULL;NULL;NULL;Ørland;Registrering landingsplasser 330skv v6;5.698540;0;40;1422-4
8.45436000;63.84501000;Sula;fotballbane;Frøya;Sør Trøndelag;6350.70N 00827.26E;NULL;NULL;Grass;NULL;NULL;NULL;NULL;NULL;NULL;NULL;NULL;NULL;NULL;Ørland;Registrering landingsplasser 330skv v6;5.880380;0;41;1422-4
8.82210000;63.73034000;Sistranda;fotballbane;Frøya;Sør Trøndelag;6343.82N 00849.33E;NULL;NULL;Grass;NULL;NULL;NULL;NULL;NULL;NULL;NULL;NULL;NULL;NULL;Ørland;Registrering landingsplasser 330skv v6;5.544071;0;42;1422-2
8.98807000;63.60210000;Fillan;kai;Hitra;Sør Trøndelag;6336.13N 00859.28E;NULL;NULL;Gravel;NULL;NULL;NULL;NULL;NULL;NULL;NULL;NULL;NULL;NULL;Ørland;Registrering landingsplasser 330skv v6;5.388973;0;43;1422-2
9.10897000;63.52109000;Sandstad;parkering;Hitra;Sør Trøndelag;6331.27N 00906.54E;NULL;NULL;Gravel;NULL;NULL;NULL;NULL;NULL;NULL;NULL;NULL;NULL;NULL;Ørland;Registrering landingsplasser 330skv v6;5.276758;0;44;1422-2
8.69563000;63.41086000;Tjeldbergodden;helipad;Aure;Møre og Romsdal;6324.65N 00841.74E;NULL;NULL;Paved;NULL;NULL;NULL;NULL;NULL;NULL;NULL;NULL;NULL;NULL;Ørland;Registrering landingsplasser 330skv v6;5.642186;0;45;1421-4
9.09146000;63.29077000;Kyrksæterøra;kai;Hemne;Sør Trøndelag;6317.45N 00905.49E;NULL;NULL;Paved;NULL;NULL;NULL;NULL;NULL;NULL;NULL;NULL;NULL;NULL;Ørland;Registrering landingsplasser 330skv v6;5.281885;0;46;1421-1
11.64802000;63.44292000;Meråker;fotballbane;Meråker;Nord Trøndelag;6326.58N 01138.88E;NULL;NULL;Grass;NULL;NULL;NULL;NULL;NULL;NULL;NULL;NULL;NULL;NULL;Ørland;Registrering landingsplasser 330skv v6;2.998997;0;47;1721-4
11.28228000;63.73725000;Levanger Moan;parkering/pad;Levanger;Nord Trøndelag;6344.24N 01116.94E;NULL;NULL;Paved;NULL;NULL;NULL;NULL;NULL;NULL;NULL;NULL;NULL;NULL;Ørland;Registrering landingsplasser 330skv v6;3.334875;0;48;1722-3
10.01560000;62.83220000;Berkåk;pad;Rennebu;Sør Trøndelag;6249.93N 01000.94E;NULL;NULL;Paved;NULL;NULL;NULL;NULL;NULL;NULL;NULL;NULL;NULL;NULL;Ørland;Registrering landingsplasser 330skv v6;4.436828;0;49;1520-1
9.85404000;62.65173000;Oppdal Fagerhaug;flyplass;Oppdal;Sør Trøndelag;6239.10N 00951.24E;NULL;NULL;Paved;NULL;NULL;NULL;NULL;NULL;NULL;NULL;NULL;NULL;NULL;Ørland;Registrering landingsplasser 330skv v6;4.573402;0;50;1520-2
11.60201000;64.86345000;Kolvereid;fotballbane;Nærøy;Nord Trøndelag;6451.81N 01136.12E;NULL;NULL;Grass;NULL;NULL;NULL;NULL;NULL;NULL;NULL;NULL;NULL;NULL;Ørland;Registrering landingsplasser 330skv v6;3.076847;0;51;1724-4
8.55901000;62.67651000;Sunndalsøra;fabrikk/pad;Sunndal;Møre og Romsdal;6240.59N 00833.54E;NULL;NULL;Paved;NULL;NULL;NULL;NULL;NULL;NULL;NULL;NULL;NULL;NULL;Ørland;Registrering landingsplasser 330skv v6;5.727459;0;52;1420-3
9.81272000;63.76414000;Botngård;fotballbane;Bjugn;Sør Trøndelag;6345.85N 00948.76E;NULL;NULL;Grass;NULL;NULL;NULL;NULL;NULL;NULL;NULL;NULL;NULL;NULL;Ørland;Registrering landingsplasser 330skv v6;4.655389;0;53;1522-1
10.18223000;63.95757000;Åfjord;kai/parkering;Åfjord;Sør Trøndelag;6357.45N 01010.93E;NULL;NULL;Paved;NULL;NULL;NULL;NULL;NULL;NULL;NULL;NULL;NULL;NULL;Ørland;Registrering landingsplasser 330skv v6;4.330591;0;54;1522-1
7.83373000;62.44931000;Marstein Camping;campingplass;Rauma;Møre og Romsdal;6226.96N 00750.02E;NULL;NULL;Grass;NULL;NULL;NULL;NULL;NULL;NULL;NULL;NULL;NULL;NULL;Ørland;Registrering landingsplasser 330skv v6;6.360740;0;55;1319-1
7.68334000;62.55157000;Åndalsnes Setnesmoen;militærleir/parkering;Rauma;Møre og Romsdal;6233.09N 00741.00E;NULL;NULL;Paved;NULL;NULL;NULL;NULL;NULL;NULL;NULL;NULL;NULL;NULL;Ørland;Registrering landingsplasser 330skv v6;6.500517;0;56;1320-3
11.31963000;64.11654000;Vellamelen;veikryss;Steinkjer;Nord Trøndelag;6406.99N 01119.18E;NULL;NULL;Grass;NULL;NULL;NULL;NULL;NULL;NULL;NULL;NULL;NULL;NULL;Ørland;Registrering landingsplasser 330skv v6;3.312040;0;57;1723-3
10.61863000;63.67981000;Leksvik;fotballbane;Leksvik;Nord Trøndelag;6340.79N 01037.12E;NULL;NULL;Grass;NULL;NULL;NULL;NULL;NULL;NULL;NULL;NULL;NULL;NULL;Ørland;Registrering landingsplasser 330skv v6;3.928665;0;58;1622-3
6.64988669;59.05486187;Lysebotn;Lysebotn;Forsand;Rogaland;5903.29N 00638.99E;NULL;NULL;Grass;NULL;NULL;NULL;NULL;NULL;NULL;NULL;NULL;NULL;Antatt posisjon;Sola;Registrering landingsplasser 330skv v6;7.119800;0;59;1313-2
7.55200000;59.02566667;Valle;Valle Flyplass;Valle;Aust-Agder;5901.54N 00733.12E;NULL;NULL;Paved;NULL;NULL;NULL;NULL;NULL;NULL;NULL;NULL;NULL;NULL;Sola;Registrering landingsplasser 330skv v6;6.395471;0;60;1413-2
5.99300000;58.44083333;Egersund fotballbane;Egersund ;Egersund;Rogaland;5826.45N 00559.58E;NULL;NULL;Grass;NULL;NULL;NULL;NULL;NULL;NULL;NULL;NULL;NULL;NULL;Sola;Registrering landingsplasser 330skv v6;7.692264;0;61;1211-1
7.98565000;58.16088000;Sørlandet Sykehus;Sørlandet Sykehus;Kristiansand;Vest-Agder;5809.65N 00759.14E;NULL;NULL;Grass;NULL;NULL;NULL;NULL;NULL;NULL;NULL;NULL;NULL;NULL;Sola;Registrering landingsplasser 330skv v6;5.967247;0;62;1511-3
6.55183333;58.45150000;Moi;Moi fotballbane;Lund;Rogaland;5827.09N 00633.11E;NULL;NULL;Grass;NULL;NULL;NULL;NULL;NULL;NULL;NULL;NULL;NULL;NULL;Sola;Registrering landingsplasser 330skv v6;7.213858;0;63;1311-4
6.25283333;59.49400000;Sand;Gammel idrettsbane;Sand;Rogaland;5929.64N 00615.17E;NULL;NULL;Gravel;NULL;NULL;NULL;NULL;NULL;NULL;NULL;NULL;NULL;NULL;Sola;Registrering landingsplasser 330skv v6;7.551499;0;64;1313-4
6.11216667;60.09333333;Ænes i Hardanger;Ænes i Hardanger;Kvinnherrad;Hordaland;6005.60N 00606.73E;NULL;NULL;Grass;NULL;NULL;NULL;NULL;NULL;NULL;NULL;NULL;NULL;NULL;Sola;Registrering landingsplasser 330skv v6;7.719738;0;65;1215-2
6.64833333;60.12733333;Ringedalsvatnet ;Helipad ved vannet;Odda;Hordaland;6007.64N 00638.90E;NULL;NULL;Paved;NULL;NULL;NULL;NULL;NULL;NULL;NULL;NULL;NULL;NULL;Sola;Registrering landingsplasser 330skv v6;7.254792;0;66;1315-2
6.74066667;60.36150000;Kinsarvik;Airlift base;Odda;Hordaland;6021.69N 00644.44E;NULL;NULL;Paved;NULL;NULL;NULL;NULL;NULL;NULL;NULL;NULL;NULL;NULL;Sola;Registrering landingsplasser 330skv v6;7.190912;0;67;1315-1
6.56550000;58.86566667;Øvstabø;Hunnedalen;Gjesdal;Rogaland;5851.94N 00633.93E;NULL;NULL;Paved;NULL;NULL;NULL;NULL;NULL;NULL;NULL;NULL;NULL;NULL;Sola;Registrering landingsplasser 330skv v6;7.233578;0;68;1312-4
6.66933333;58.30000000;Flekkefjord;Fotballbane;Flekkefjord;Rogaland;5818.00N 00640.16E;NULL;NULL;Grass;NULL;NULL;NULL;NULL;NULL;NULL;NULL;NULL;NULL;NULL;Sola;Registrering landingsplasser 330skv v6;7.101682;0;69;1311-1
5.34616667;60.38000000;Bergen, Grønneviksøren;Helipad, NLA;Bergen;Hordaland;6022.80N 00520.77E;NULL;NULL;Paved;NULL;NULL;NULL;NULL;NULL;NULL;NULL;NULL;NULL;NULL;Florø;Registrering landingsplasser 330skv v6;8.411759;0;70;1115-1
5.35833333;60.37333333;Bergen, Haukeland Sykehus;Helipad;Bergen;Hordaland;6022.40N 00521.50E;NULL;NULL;Paved;NULL;NULL;NULL;NULL;NULL;NULL;NULL;NULL;NULL;NULL;Florø;Registrering landingsplasser 330skv v6;8.400561;0;71;1115-1
6.50053300;60.63871100;ENBM, Voss flyplass;Flyplass;Voss;Hordaland;6038.32N 00630.03E;NULL;NULL;Paved;NULL;NULL;NULL;NULL;NULL;NULL;NULL;NULL;NULL;NULL;Florø;Registrering landingsplasser 330skv v6;7.420781;0;72;1316-3
4.63460800;61.28465000;Bulandet;Snuplass;Askvoll;Sogn og Fjordane;6117.08N 00438.08E;NULL;NULL;Paved;NULL;NULL;NULL;NULL;NULL;NULL;NULL;NULL;NULL;NULL;Florø;Registrering landingsplasser 330skv v6;9.113582;0;73;1017-1
6.50227700;61.73160400;Byrkjelo;Idrettsplass;Gloppen;Sogn og Fjordane;6143.90N 00630.14E;NULL;NULL;Grass;NULL;NULL;NULL;NULL;NULL;NULL;NULL;NULL;NULL;NULL;Florø;Registrering landingsplasser 330skv v6;7.496620;0;74;1318-3
5.43950000;61.59400000;Eikefjord/Kvalvik;Fotballbane;Flora;Sogn og Fjordane;6135.64N 00526.37E;NULL;NULL;Grass;NULL;NULL;NULL;NULL;NULL;NULL;NULL;NULL;NULL;NULL;Florø;Registrering landingsplasser 330skv v6;8.427115;0;75;1118-2
5.88583333;61.45566667;Førde Sykehus;Helipad;Førde;Sogn og Fjordane;6127.34N 00553.15E;NULL;NULL;Paved;NULL;NULL;NULL;NULL;NULL;NULL;NULL;NULL;NULL;NULL;Florø;Registrering landingsplasser 330skv v6;8.021783;0;76;1217-1
7.28100000;61.59566667;Jostedalen Fjell- og Bregruppe;Beitemark;Luster;Sogn og Fjordane;6135.74N 00716.86E;NULL;NULL;Grass;NULL;NULL;NULL;NULL;NULL;NULL;NULL;NULL;NULL;Alternativ posisjon 1: N6136,25 E00717,57 Alternativ posisjon 2: N6139,08 E00716,70;Florø;Registrering landingsplasser 330skv v6;6.799056;0;77;1418-3
5.99166667;60.64950000;Bolstadøyri;Treningsområde AR-Bergen;Voss;Hordaland;6038.97N 00559.50E;NULL;NULL;Other;NULL;NULL;NULL;NULL;NULL;NULL;NULL;NULL;NULL;NULL;Florø;Registrering landingsplasser 330skv v6;7.867599;0;78;1216-2
6.74066667;60.36150000;Kinsarvik Vetlemoen;Helipad, Airlift;Ullensvang;Hordaland;6021.69N 00644.44E;NULL;NULL;Paved;NULL;NULL;NULL;NULL;NULL;NULL;NULL;NULL;NULL;NULL;Florø;Registrering landingsplasser 330skv v6;7.190912;0;79;1315-1
6.82666667;61.86833333;Loen/Olden;Helipad;Stryn;Sogn og Fjordane;6152.10N 00649.60E;NULL;NULL;Paved;NULL;NULL;NULL;NULL;NULL;NULL;NULL;NULL;NULL;NULL;Florø;Registrering landingsplasser 330skv v6;7.218691;0;80;1318-1
7.47283333;61.09950000;Lærdal;Helipad;Lærdal;Sogn og Fjordane;6105.97N 00728.37E;NULL;NULL;Paved;NULL;NULL;NULL;NULL;NULL;NULL;NULL;NULL;NULL;NULL;Florø;Registrering landingsplasser 330skv v6;6.598623;0;81;1417-2
7.13500000;62.73666667;Molde;Helipad, NLA;Molde;Møre og Romsdal;6244.20N 00708.10E;NULL;NULL;Paved;NULL;NULL;NULL;NULL;NULL;NULL;NULL;NULL;NULL;NULL;Florø;Registrering landingsplasser 330skv v6;7.000522;0;82;1220-2
5.19166667;61.72133333;Myklebust;Jorde mellom to gårder;Bremanger;Sogn og Fjordane;6143.28N 00511.50E;NULL;NULL;Other;NULL;NULL;NULL;NULL;NULL;NULL;NULL;NULL;NULL;NULL;Florø;Registrering landingsplasser 330skv v6;8.656733;0;83;1118-2
5.12166667;61.93883333;Måløy;Kaianlegg;Vågsøy;Sogn og Fjordane;6156.33N 00507.30E;NULL;NULL;Paved;NULL;NULL;NULL;NULL;NULL;NULL;NULL;NULL;NULL;NULL;Florø;Registrering landingsplasser 330skv v6;8.736254;0;84;1118-1
5.37900000;61.64233333;Norddal;Jorde rett sør for kirke;Norddal;Møre og Romsdal;6138.54N 00522.74E;NULL;NULL;Other;NULL;NULL;NULL;NULL;NULL;NULL;NULL;NULL;NULL;NULL;Florø;Registrering landingsplasser 330skv v6;8.484478;0;85;1118-2
5.33900000;62.04133333;Selje;Parkering ved unifomspartner Selje;Selje;Sogn og Fjordane;6202.48N 00520.34E;NULL;NULL;Paved;NULL;NULL;NULL;NULL;NULL;NULL;NULL;NULL;NULL;NULL;Florø;Registrering landingsplasser 330skv v6;8.551246;0;86;1119-3
6.70783333;61.90250000;Stryn;Parkeringsplass ved idrettsanlegg;Stryn;Sogn og Fjordane;6154.15N 00642.47E;NULL;NULL;Paved;NULL;NULL;NULL;NULL;NULL;NULL;NULL;NULL;NULL;NULL;Florø;Registrering landingsplasser 330skv v6;7.326276;0;87;1318-1
5.29466667;61.76983333;Svelgen;Gressplass ved Marina;Bremanger;Sogn og Fjordane;6146.19N 00517.68E;NULL;NULL;Grass;NULL;NULL;NULL;NULL;NULL;NULL;NULL;NULL;NULL;NULL;Florø;Registrering landingsplasser 330skv v6;8.569273;0;88;1118-1
6.58300000;62.39583333;Sykkylven;Helipad;Sykkylven;Møre og Romsdal;6223.75N 00634.98E;NULL;NULL;Paved;NULL;NULL;NULL;NULL;NULL;NULL;NULL;NULL;NULL;NULL;Florø;Registrering landingsplasser 330skv v6;7.470444;0;89;1219-4
6.09000000;62.15033333;Volda Sykehus;Parkeringsplass;Volda;Møre og Romsdal;6209.02N 00605.40E;NULL;NULL;Paved;NULL;NULL;NULL;NULL;NULL;NULL;NULL;NULL;NULL;NULL;Florø;Registrering landingsplasser 330skv v6;7.891907;0;90;1119-2
6.31283333;62.46300000;Ålesund Sykehus;Helipad;NULL;Møre og Romsdal;6227.78N 00618.77E;NULL;NULL;Paved;NULL;NULL;NULL;NULL;NULL;NULL;NULL;NULL;NULL;NULL;Florø;Registrering landingsplasser 330skv v6;7.715669;0;91;1219-4
14.57859990;67.00332125;Moldjord;Idrettsplass;Beiarn;Nordland;6700.20N 01434.72E;LZ Other;Medium;Gravel;NULL;5;No;No;Bodø3/Salten BAPS1;No;No;Beiarn Kommune, Tlf: +47 75 56 90 00;Spenn over dalen 2 NM Øst av plassen;NULL;Bodø;LZ information 330BO.xlsx;0.390028;0;92;2029-3
13.21638063;66.79911585;Bolga;Idrettsbane;Meløy;Nordland;6647.95N 01312.98E;LZ Other;Medium;Grass;NULL;NULL;NULL;NULL;NULL;NULL;NULL;NULL;NULL;NULL;Bodø;LZ information 330BO.xlsx;1.637890;0;93;1828-1
15.45670000;68.14670000;Buvåg;Gresslette ved vei;Hamarøy;Nordland;6808.80N 01527.40E;LZ Other;Medium;Grass;NULL;NULL;NULL;NULL;NULL;NULL;NULL;NULL;NULL;NULL;Bodø;LZ information 330BO.xlsx;-0.423883;0;94;1231-3
13.53058074;66.78286863;Engavågen;Idrettsbane;Meløy;Nordland;6646.97N 01331.83E;LZ Other;Medium;Gravel;NULL;NULL;NULL;NULL;NULL;NULL;NULL;NULL;NULL;NULL;Bodø;LZ information 330BO.xlsx;1.352012;0;95;1928-4
13.42780000;66.79470000;Grønøy;Idrettsbane;Meløy;Nordland;6647.68N 01325.67E;LZ Other;Medium;Grass;NULL;NULL;NULL;NULL;NULL;NULL;NULL;NULL;NULL;NULL;Bodø;LZ information 330BO.xlsx;1.445064;0;96;1928-4
15.39420000;67.27330000;Fauske 1;Parkeringsplass ;Fauske;Nordland;6716.40N 01523.65E;LZ paved;Medium;Paved;NULL;NULL;NULL;NULL;NULL;NULL;NULL;NULL;NULL;NULL;Bodø;LZ information 330BO.xlsx;-0.363594;0;97;2129-4
15.37670000;67.26110000;Fauske 2;Idrettsbane v/kirka;Fauske;Nordland;6715.67N 01522.60E;LZ Other;Medium;Grass;NULL;NULL;NULL;NULL;NULL;NULL;NULL;NULL;NULL;NULL;Bodø;LZ information 330BO.xlsx;-0.347422;0;98;2129-4
17.99310000;69.22720000;Finnsnes 1;Helipad;Lenvik;Troms;6913.63N 01759.59E;Helipad Solid ;Medium;Paved;NULL;NULL;NULL;NULL;NULL;NULL;NULL;NULL;NULL;NULL;Bodø;LZ information 330BO.xlsx;-2.798852;0;99;1433-3
18.01097858;69.23499660;Finnsnes 2;Helipad helsesenteret;Lenvik;Troms;6914.10N 01800.66E;Helipad Solid ;Medium;Paved;NULL;NULL;NULL;NULL;NULL;NULL;NULL;NULL;NULL;NULL;Bodø;LZ information 330BO.xlsx;-2.811702;0;100;1433-2
13.72521601;67.30437042;Givær;Jorde;Bodø;Nordland;6718.26N 01343.51E;LZ Other;Medium;Grass;NULL;NULL;NULL;NULL;NULL;NULL;NULL;NULL;NULL;NULL;Bodø;LZ information 330BO.xlsx;1.174278;0;101;1929-1
13.99890000;66.79280000;Glomfjord 2;Helipad;Meløy;Nordland;6647.57N 01359.93E;Helipad Solid ;Medium;Paved;NULL;NULL;NULL;NULL;NULL;NULL;NULL;NULL;NULL;NULL;Bodø;LZ information 330BO.xlsx;0.920111;0;102;1928-1
13.56502225;66.73196981;Halsa;Idrettsbane;Meløy;Nordland;6643.92N 01333.90E;LZ Other;Medium;Gravel;NULL;90;NULL;NULL;NULL;NULL;NULL;NULL;NULL;NULL;Bodø;LZ information 330BO.xlsx;1.316774;0;103;1928-3
16.52543475;68.79575587;Harstad sykehus;Helipad;Harstad;Troms;6847.75N 01631.53E;Helipad Hospital;Medium;Paved;NULL;NULL;NULL;NULL;NULL;NULL;NULL;NULL;NULL;NULL;Bodø;LZ information 330BO.xlsx;-1.422355;0;104;1332-4
16.59234293;68.77800138;Harstad Heli Team;Helipad;Harstad;Troms;6846.68N 01635.54E;Helipad Solid ;Medium;Paved;NULL;NULL;NULL;NULL;NULL;NULL;NULL;NULL;NULL;NULL;Bodø;LZ information 330BO.xlsx;-1.484558;0;105;1332-4
13.89641673;67.40353075;Helligvær;Helipad;Bodø;Nordland;6724.21N 01353.79E;Helipad Solid ;Medium;Paved;NULL;NULL;NULL;NULL;NULL;NULL;NULL;NULL;NULL;NULL;Bodø;LZ information 330BO.xlsx;1.019179;0;106;1929-1
14.21580000;68.16610000;Henningsvær;Parkeringslomme;Vågan;Nordland;6809.97N 01412.95E;LZ paved;Medium;Paved;NULL;NULL;NULL;NULL;NULL;NULL;NULL;NULL;NULL;NULL;Bodø;LZ information 330BO.xlsx;0.727952;0;107;1131-3
14.03258913;67.03476183;Inndyr;Idrettsbane;Gildeskål;Nordland;6702.09N 01401.96E;LZ Other;Medium;Gravel;NULL;NULL;NULL;NULL;NULL;NULL;NULL;NULL;NULL;NULL;Bodø;LZ information 330BO.xlsx;0.891103;0;108;1929-2
15.92970000;67.96530000;Innhavet;Helipad;Hamarøy;Nordland;6757.92N 01555.78E;Helipad Solid ;Medium;Paved;NULL;6;NULL;NULL;NULL;NULL;NULL;NULL;NULL;NULL;Bodø;LZ information 330BO.xlsx;-0.861802;0;109;2130-1
14.76110000;67.51920000;Kjerringøy;Jorde øst av kirka;Bodø;Nordland;6731.15N 01445.67E;LZ Other;Medium;Grass;NULL;NULL;NULL;NULL;NULL;NULL;NULL;NULL;NULL;NULL;Bodø;LZ information 330BO.xlsx;0.220746;0;110;2030-2
14.91750000;67.49220000;Kjerringøy (lavinehund);Gårdsplass;Bodø;Nordland;6729.53N 01455.05E;LZ Other;Medium;Grass;NULL;NULL;NULL;NULL;NULL;NULL;NULL;NULL;NULL;NULL;Bodø;LZ information 330BO.xlsx;0.076216;0;111;2029-1
16.37823733;68.10091750;Kjøpsvik;Helipad ;Tysfjord;Nordland;6806.06N 01622.69E;Helipad Solid ;Medium;Paved;NULL;NULL;NULL;NULL;NULL;NULL;NULL;NULL;NULL;NULL;Bodø;LZ information 330BO.xlsx;-1.277766;0;112;1331-3
14.78083000;67.73596000;Leines;Helipad;Steigen;Nordland;6744.16N 01446.85E;LZ Other;Medium;Gravel;NULL;NULL;NULL;NULL;NULL;NULL;NULL;NULL;NULL;NULL;Bodø;LZ information 330BO.xlsx;0.202831;0;113;2030-2
15.06330000;67.79660000;Leinesfjord midlertidig;Idrettsbane;Steigen;Nordland;6747.80N 01503.80E;LZ Other;Medium;Grass;NULL;NULL;NULL;NULL;NULL;NULL;NULL;NULL;NULL;NULL;Bodø;LZ information 330BO.xlsx;-0.058606;0;114;2030-1
15.00590027;67.77333606;Leinesfjord ny;Helipad;Steigen;Nordland;6746.40N 01500.35E;Helipad Solid ;Medium;Paved;NULL;NULL;NULL;NULL;NULL;NULL;NULL;NULL;NULL;NULL;Bodø;LZ information 330BO.xlsx;-0.008979;0;115;2030-1
12.36469239;66.36323375;Lovund 1;Molo ;Lurøy;Nordland;6621.79N 01221.88E;LZ paved;Medium;Paved;NULL;NULL;NULL;NULL;NULL;NULL;NULL;NULL;NULL;NULL;Bodø;LZ information 330BO.xlsx;2.414210;0;116;1827-4
12.35761596;66.36715709;Lovund 2;Slette v/skolen (gress) ;Lurøy;Nordland;6622.03N 01221.46E;LZ Other;Medium;Grass;NULL;NULL;NULL;NULL;NULL;NULL;NULL;NULL;NULL;NULL;Bodø;LZ information 330BO.xlsx;2.421694;0;117;1827-4
12.86330000;66.39940000;Lurøy;Fotballbane v/skolen ;Lurøy;Nordland;6623.96N 01251.80E;LZ Other;Medium;Grass;NULL;NULL;NULL;NULL;NULL;NULL;NULL;NULL;NULL;NULL;Bodø;LZ information 330BO.xlsx;1.958129;0;118;1827-1
15.97250000;68.41060000;Lødingen;Fotballbane ;Lødingen;Nordland;6824.64N 01558.35E;LZ Other;Medium;Grass;NULL;NULL;NULL;NULL;NULL;NULL;NULL;NULL;NULL;NULL;Bodø;LZ information 330BO.xlsx;-0.904286;0;119;1231-1
13.41005964;66.82390054;Meløy;Jorde;Meløy;Nordland;6649.43N 01324.60E;LZ Other;Medium;Grass;NULL;NULL;NULL;NULL;NULL;NULL;NULL;NULL;NULL;NULL;Bodø;LZ information 330BO.xlsx;1.438477;0;120;1928-4
14.13940000;66.32060000;Mo i Rana;Havneområde ;Rana;Nordland;6619.24N 01408.36E;LZ paved;Medium;Paved;NULL;NULL;NULL;NULL;NULL;NULL;NULL;NULL;NULL;NULL;Bodø;LZ information 330BO.xlsx;0.788153;1;121;1927-1
14.18471742;66.32658990;Mo i Rana;Sykehus ;Rana;Nordland;6619.60N 01411.08E;Helipad Hospital;Medium;Paved;NULL;71;NULL;NULL;NULL;NULL;NULL;NULL;NULL;NULL;Bodø;LZ information 330BO.xlsx;0.746426;0;122;1927-1
13.21170000;65.83170000;Mosjøen;Sykehus;Vefsn;Nordland;6549.90N 01312.70E;Helipad Hospital;Medium;Paved;NULL;NULL;NULL;NULL;NULL;NULL;NULL;NULL;NULL;NULL;Bodø;LZ information 330BO.xlsx;1.631639;0;123;1826-1
12.47720000;66.75860000;Myken;Gresslette;Rødøy;Nordland;6645.52N 01228.63E;LZ Other;Medium;Grass;NULL;NULL;NULL;NULL;NULL;NULL;NULL;NULL;NULL;NULL;Bodø;LZ information 330BO.xlsx;2.318310;0;124;1828-4
14.00307115;67.15434837;Nord-Arnøy;Veikryss;Gildeskål;Nordland;6709.26N 01400.18E;LZ paved;Medium;Paved;NULL;NULL;NULL;NULL;NULL;NULL;NULL;NULL;NULL;NULL;Bodø;LZ information 330BO.xlsx;0.918526;0;125;1929-2
15.22672838;67.76144599;Nordfold;Nord av kirka;Steigen;Nordland;6745.69N 01513.60E;LZ Other;Medium;Grass;NULL;NULL;NULL;NULL;NULL;NULL;NULL;NULL;NULL;NULL;Bodø;LZ information 330BO.xlsx;-0.209837;0;126;2130-4
14.79956601;67.84117141;Nordskott;Snuplass ;Steigen;Nordland;6750.47N 01447.97E;LZ Other;Medium;Gravel;NULL;NULL;NULL;NULL;NULL;NULL;NULL;NULL;NULL;NULL;Bodø;LZ information 330BO.xlsx;0.185228;0;127;2030-1
15.61479088;68.08089237;Oppeid (Presteid);Helipad;Hamarøy;Nordland;6804.85N 01536.89E;Helipad Solid ;Medium;Gravel;NULL;NULL;NULL;NULL;NULL;NULL;NULL;NULL;NULL;NULL;Bodø;LZ information 330BO.xlsx;-0.573608;0;128;1231-3
16.50170000;68.49830000;Ramsund 1;Helipad Ramsund, ;Tjeldsund;Nordland;6829.90N 01630.10E;Helipad Solid ;Medium;Paved;NULL;NULL;NULL;NULL;NULL;NULL;NULL;NULL;NULL;NULL;Bodø;LZ information 330BO.xlsx;-1.397235;0;129;1331-4
16.51385275;68.45800494;Ramsund 2;NATO-kaia ;Tjeldsund;Nordland;6827.48N 01630.83E;LZ paved;Medium;Paved;NULL;NULL;NULL;NULL;NULL;NULL;NULL;NULL;NULL;NULL;Bodø;LZ information 330BO.xlsx;-1.408197;0;130;1331-4
13.64059643;66.91049174;Reipå;Helipad;Meløy;Nordland;6654.63N 01338.44E;Helipad Solid ;Medium;Paved;NULL;NULL;NULL;NULL;NULL;NULL;NULL;NULL;NULL;NULL;Bodø;LZ information 330BO.xlsx;1.251570;0;131;1928-4
15.41097528;67.09904762;Rognan Sommer;Flystripa;Saltdal;Nordland;6705.94N 01524.66E;LZ Other;Medium;Grass;NULL;NULL;NULL;NULL;NULL;NULL;NULL;NULL;NULL;NULL;Bodø;LZ information 330BO.xlsx;-0.377682;0;132;2129-3
15.41572551;67.10270288;Rognan Vinter ”Øyra”;Idrettsbane;Saltdal;Nordland;6706.16N 01524.94E;LZ Other;Medium;Gravel;NULL;7;NULL;NULL;NULL;NULL;NULL;NULL;NULL;NULL;Bodø;LZ information 330BO.xlsx;-0.383349;0;133;2129-3
13.07655162;66.66139679;Rødøy;Idrettsplass skole;Rødøy;Nordland;6639.68N 01304.59E;LZ Other;Medium;Grass;NULL;NULL;NULL;NULL;NULL;NULL;NULL;NULL;NULL;NULL;Bodø;LZ information 330BO.xlsx;1.766315;0;134;1828-2
14.95750000;67.92360000;Røssøya;Grusplass ved veien;Steigen;Nordland;6755.42N 01457.45E;LZ Other;Medium;Gravel;NULL;NULL;NULL;NULL;NULL;NULL;NULL;NULL;NULL;NULL;Bodø;LZ information 330BO.xlsx;0.039384;0;135;2030-1
15.45830000;67.47720000;Røsvik;Idrettsplass;Fauske;Nordland;6728.63N 01527.50E;LZ Other;Medium;Grass;NULL;NULL;NULL;NULL;NULL;NULL;NULL;NULL;NULL;NULL;Bodø;LZ information 330BO.xlsx;-0.423346;0;136;2129-4
12.47470000;65.95970000;Sandnessjøen;Flyplass;Alstadhaug;Nordland;6557.58N 01228.48E;NULL;Medium;Paved;NULL;NULL;NULL;NULL;NULL;NULL;NULL;NULL;NULL;NULL;Bodø;LZ information 330BO.xlsx;2.306502;1;137;1826-4
12.61599549;66.01785963;Sandnessjøen;Sykehus;Alstadhaug;Nordland;6601.07N 01236.96E;Helipad Hospital;Medium;Paved;NULL;NULL;NULL;NULL;NULL;NULL;NULL;NULL;NULL;NULL;Bodø;LZ information 330BO.xlsx;2.178128;0;138;1827-3
14.04183300;66.98612700;Skaugvollkrysset;Parkeringsplass;Gildeskål;Nordland;6659.17N 01402.51E;LZ paved;Medium;Paved;NULL;NULL;NULL;NULL;NULL;NULL;NULL;NULL;NULL;NULL;Bodø;LZ information 330BO.xlsx;0.881919;0;139;1928-1
14.66190000;68.16970000;Skrova;Idrettsbane skole ;Vågan;Nordland;6810.18N 01439.71E;LZ Other;Medium;Gravel;NULL;NULL;NULL;NULL;NULL;NULL;NULL;NULL;NULL;NULL;Bodø;LZ information 330BO.xlsx;0.313855;0;140;1131-2
15.32610000;68.01830000;Skutvik 1;Idrettsbane;Hamarøy;Nordland;6801.10N 01519.57E;LZ Other;Medium;Grass;NULL;NULL;NULL;NULL;NULL;NULL;NULL;NULL;NULL;NULL;Bodø;LZ information 330BO.xlsx;-0.302394;0;141;1231-3
15.33289805;68.01682445;Skutvik 2;Gresslette;Hamarøy;Nordland;6801.01N 01519.97E;LZ Other;Medium;Grass;NULL;NULL;NULL;NULL;NULL;NULL;NULL;NULL;NULL;NULL;Bodø;LZ information 330BO.xlsx;-0.308327;0;142;1231-3
15.33447334;68.01485923;Skutvik 3 ;Fergekai;Hamarøy;Nordland;6800.89N 01520.07E;LZ paved;Medium;Paved;NULL;NULL;NULL;NULL;NULL;NULL;NULL;NULL;NULL;NULL;Bodø;LZ information 330BO.xlsx;-0.310084;0;143;1231-3
13.02820000;66.33370000;Stokkvågen Sommer ;Jorde;Lurøy;Nordland;6620.02N 01301.69E;LZ Other;Medium;Grass;NULL;NULL;NULL;NULL;NULL;NULL;NULL;NULL;NULL;NULL;Bodø;LZ information 330BO.xlsx;1.830425;0;144;1827-1
13.00170000;66.33830000;Stokkvågen Vinter;Parkeringsplass;Lurøy;Nordland;6620.30N 01300.10E;LZ Other;Medium;Gravel;NULL;NULL;NULL;NULL;NULL;NULL;NULL;NULL;NULL;NULL;Bodø;LZ information 330BO.xlsx;1.830425;0;145;1827-1
15.59579376;67.34833925;Straumen Sørfold;Helipad ;Sørfold;Nordland;6720.90N 01535.75E;Helipad Solid ;Medium;Paved;NULL;NULL;NULL;NULL;NULL;NULL;NULL;NULL;NULL;NULL;Bodø;LZ information 330BO.xlsx;-0.552979;0;146;2129-4
15.59003521;67.36023388;Salten verk Elkem;Parkeringsplass;Sørfold;Nordland;6721.61N 01535.40E;LZ paved;Medium;Paved;NULL;NULL;NULL;NULL;NULL;NULL;NULL;NULL;NULL;NULL;Bodø;LZ information 330BO.xlsx;-0.544267;0;147;2129-4
13.44560000;66.92420000;Støtt;Idrettsplass skole;Meløy;Nordland;6655.45N 01326.74E;LZ Other;Medium;Grass;NULL;NULL;NULL;NULL;NULL;NULL;NULL;NULL;NULL;NULL;Bodø;LZ information 330BO.xlsx;1.430082;0;148;1928-4
16.07169189;67.13377810;Sulitjelma;Idrettsbane;Fauske;Nordland;6708.03N 01604.30E;LZ Other;Medium;Grass;NULL;NULL;NULL;NULL;NULL;NULL;NULL;NULL;NULL;NULL;Bodø;LZ information 330BO.xlsx;-0.990525;0;149;2129-2
14.14940000;66.97170000;Sundsfjord;Parkeringsplass;Gildeskål;Nordland;6658.30N 01408.96E;LZ paved;Medium;Paved;NULL;NULL;NULL;NULL;NULL;NULL;NULL;NULL;NULL;NULL;Bodø;LZ information 330BO.xlsx;0.782826;0;150;1928-1
13.41670000;66.69750000;Tjongsfjord;Idrettsbane;Rødøy;Nordland;6641.85N 01325.00E;LZ Other;Medium;Grass;NULL;NULL;NULL;NULL;NULL;NULL;NULL;NULL;NULL;NULL;Bodø;LZ information 330BO.xlsx;1.454207;0;151;1928-3
18.98390079;69.68364944;Tromsø Sykehus;Helipad Sykehus;Tromsø;Troms;6941.02N 01859.03E;Helipad Hospital;Medium;Paved;NULL;NULL;NULL;NULL;NULL;NULL;NULL;NULL;NULL;NULL;Bodø;LZ information 330BO.xlsx;-3.737651;1;152;1534-3
12.09323322;66.50312437;Træna (Husøya);Idrettsbane;Træna;Nordland;6630.19N 01205.59E;LZ Other;Medium;Grass;NULL;NULL;NULL;NULL;NULL;NULL;NULL;NULL;NULL;NULL;Bodø;LZ information 330BO.xlsx;2.666780;0;153;1728-2
11.95190000;65.67440000;Vega;Idrettsbane;Vega;Nordland;6540.46N 01157.11E;LZ Other;Medium;Grass;NULL;NULL;NULL;NULL;NULL;NULL;NULL;NULL;NULL;NULL;Bodø;LZ information 330BO.xlsx;2.777934;0;154;1726-2
12.72706310;67.65454891;Værøy;Helipad flyplass;Værøy;Nordland;6739.27N 01243.62E;Helipad Solid ;Medium;Paved;NULL;NULL;NULL;NULL;NULL;NULL;NULL;NULL;NULL;NULL;Bodø;LZ information 330BO.xlsx;2.102289;0;155;1830-3
13.47639690;66.71868295;Ågskardet;Helipad;Meløy;Nordland;6643.12N 01328.58E;Helipad Solid ;Medium;Paved;NULL;NULL;NULL;NULL;NULL;NULL;NULL;NULL;NULL;NULL;Bodø;LZ information 330BO.xlsx;1.401433;0;156;1928-3
13.92779922;66.81621569;Glomfjord 1;Grusbane;Meløy;Nordland;6648.97N 01355.67E;LZ Other;Medium;Gravel;NULL;NULL;NULL;NULL;NULL;NULL;NULL;NULL;NULL;NULL;Bodø;LZ information 330BO.xlsx;0.985227;0;157;1928-1
13.70607019;66.87121463;Ørnes;Steinfylling;Meløy;Nordland;6652.27N 01342.36E;LZ Other;Medium;Gravel;NULL;12;NULL;NULL;NULL;NULL;NULL;NULL;NULL;NULL;Bodø;LZ information 330BO.xlsx;1.189313;0;158;1928-4
